DATE,SSID,SS,BSSID,CAP,LAT,LNG,ACC
Wed Nov 20 16:10:15 EST 2024,NETGEAR72-5G,-81,c8:9e:43:87:2b:74,[WPA2-PSK-CCMP][RSN-PSK-CCMP][ESS][WPS][MFPC],33.465561666666666,-82.08081666666666,1.8
Wed Nov 20 16:10:15 EST 2024,annstorecare,-91,a2:46:8d:27:70:68,[WPA2-PSK-CCMP][RSN-PSK-CCMP][ESS],33.465561666666666,-82.08081666666666,1.8
Wed Nov 20 16:10:15 EST 2024,atops9,-86,ae:46:8d:27:6f:e8,[WPA2-PSK-CCMP][RSN-PSK-CCMP][ESS],33.465561666666666,-82.08081666666666,1.8
Wed Nov 20 16:10:15 EST 2024,AWTS2,-89,30:b6:2d:2c:95:13,[WPA2-PSK-CCMP][RSN-PSK-CCMP][ESS],33.465561666666666,-82.08081666666666,1.8
Wed Nov 20 16:10:15 EST 2024,Jared Guest Wifi,-89,30:b6:2d:2c:95:11,[ESS],33.465561666666666,-82.08081666666666,1.8
Wed Nov 20 16:10:15 EST 2024,*PF Changs Guest,-70,e6:55:b8:53:18:b0,[ESS],33.465561666666666,-82.08081666666666,1.8
Wed Nov 20 16:10:15 EST 2024,Jared,-89,30:b6:2d:2c:95:12,[WPA2-EAP/SHA1-CCMP][RSN-EAP/SHA1-CCMP][ESS],33.465561666666666,-82.08081666666666,1.8
Wed Nov 20 16:10:15 EST 2024,DATASCAN,-89,2a:8d:cb:dc:70:e2,[WPA2-PSK-CCMP][RSN-PSK-CCMP][ESS],33.465561666666666,-82.08081666666666,1.8
Wed Nov 20 16:10:15 EST 2024,STJIS2499,-89,30:b6:2d:2c:95:10,[WPA2-EAP/SHA1-CCMP][RSN-EAP/SHA1-CCMP][ESS],33.465561666666666,-82.08081666666666,1.8
Wed Nov 20 16:10:15 EST 2024,atfi9,-91,aa:46:8d:27:70:68,[WPA2-PSK-CCMP][RSN-PSK-CCMP][ESS],33.465561666666666,-82.08081666666666,1.8
Wed Nov 20 16:10:15 EST 2024,,-69,e2:55:b8:53:18:b0,[WPA2-PSK-CCMP+TKIP][RSN-PSK-CCMP+TKIP][WPA-PSK-CCMP+TKIP][ESS],33.465561666666666,-82.08081666666666,1.8
Wed Nov 20 16:10:06 EST 2024,TMOBILE-9F51,-96,b0:92:4a:74:9f:57,[WPA2-PSK-CCMP][RSN-PSK+SAE-CCMP][ESS][MFPC],33.46562333333333,-82.08086499999999,2.2
Wed Nov 20 16:05:55 EST 2024,LexiCadillac,-80,ba:9f:09:41:db:93,[WPA2-PSK-CCMP][RSN-PSK-CCMP][ESS][WPS],33.46557166666666,-82.08077666666668,2.1
Wed Nov 20 16:05:55 EST 2024,Apple Store,-81,50:5c:88:01:56:cb,[ESS],33.46557166666666,-82.08077666666668,2.1
Wed Nov 20 16:05:55 EST 2024,NETGEAR72,-76,c8:9e:43:87:2b:72,[WPA2-PSK-CCMP][RSN-PSK-CCMP][ESS][WPS][MFPC],33.46557166666666,-82.08077666666668,2.1
Wed Nov 20 16:00:53 EST 2024,aerie_gen,-90,d2:55:b8:07:0a:04,[WPA2-PSK-CCMP][RSN-PSK-CCMP][ESS],33.463325000000005,-82.07915999999999,2.4
Wed Nov 20 16:00:53 EST 2024,TMOBILE-C071,-64,b0:fc:88:cc:c0:77,[WPA2-PSK-CCMP][RSN-PSK+SAE-CCMP][ESS][MFPC],33.463325000000005,-82.07915999999999,2.4
Wed Nov 20 16:00:53 EST 2024,aerie_3rdparty,-90,ce:55:b8:07:0a:04,[WPA2-PSK-CCMP][RSN-PSK-CCMP][ESS],33.463325000000005,-82.07915999999999,2.4
Wed Nov 20 16:00:53 EST 2024,Verizon-RC400L-0E,-77,58:32:77:cd:cf:0e,[WPA2-PSK-CCMP][RSN-PSK-CCMP][ESS][WPS],33.463325000000005,-82.07915999999999,2.4
Wed Nov 20 16:00:53 EST 2024,KommaTea 2.5,-62,a2:24:72:06:36:26,[WPA2-PSK-CCMP][RSN-PSK+SAE-CCMP][ESS][MFPC],33.463325000000005,-82.07915999999999,2.4
Wed Nov 20 16:00:53 EST 2024,TensBodyBar,-67,b0:92:4a:13:53:76,[WPA2-PSK-CCMP][RSN-PSK+SAE-CCMP][ESS][MFPC],33.463325000000005,-82.07915999999999,2.4
Wed Nov 20 16:00:53 EST 2024,HDS_IOT,-84,12:8d:cb:84:5e:aa,[WPA2-PSK-CCMP][RSN-PSK-CCMP][ESS],33.463325000000005,-82.07915999999999,2.4
Wed Nov 20 16:00:53 EST 2024,Pagoda,-61,04:f0:21:3e:e8:ae,[WPA2-EAP/SHA1-CCMP][RSN-EAP/SHA1-CCMP][ESS],33.463325000000005,-82.07915999999999,2.4
Wed Nov 20 16:00:53 EST 2024,54464C,-59,9e:18:88:73:8c:5a,[WPA2-EAP/SHA1-CCMP][RSN-EAP/SHA1-CCMP][ESS],33.463325000000005,-82.07915999999999,2.4
Wed Nov 20 16:00:53 EST 2024,TMOBILE-3621,-59,9c:24:72:06:36:27,[WPA2-PSK-CCMP][RSN-PSK+SAE-CCMP][ESS][MFPC],33.463325000000005,-82.07915999999999,2.4
Wed Nov 20 16:00:53 EST 2024,NETGEAR00-5G,-87,9c:c9:eb:6a:f7:69,[WPA2-PSK-CCMP][RSN-PSK-CCMP][ESS][WPS],33.463325000000005,-82.07915999999999,2.4
Wed Nov 20 16:00:53 EST 2024,TMOBILE-01EE,-92,ac:df:9f:43:01:f1,[WPA2-PSK-CCMP][RSN-PSK+SAE-CCMP][ESS][MFPC],33.463325000000005,-82.07915999999999,2.4
Wed Nov 20 16:00:53 EST 2024,DIRECT-TM-T88VII-X9XS050338,-85,de:cd:2f:1b:5a:81,[WPA2-PSK-CCMP][RSN-PSK-CCMP][ESS][WPS],33.463325000000005,-82.07915999999999,2.4
Wed Nov 20 16:00:53 EST 2024,VSS-Guest-WiFi,-90,ac:23:16:51:a7:d2,[ESS],33.463325000000005,-82.07915999999999,2.4
Wed Nov 20 16:00:53 EST 2024,TMOBILE-6388,-82,e0:1f:2b:74:63:93,[WPA2-PSK-CCMP][RSN-PSK-CCMP][WPA-PSK-CCMP][ESS],33.463325000000005,-82.07915999999999,2.4
Wed Nov 20 16:00:53 EST 2024,TMOBILE-71B1,-56,b0:92:4a:74:71:b6,[WPA2-PSK-CCMP][RSN-PSK+SAE-CCMP][ESS][MFPC],33.463325000000005,-82.07915999999999,2.4
Wed Nov 20 16:00:53 EST 2024,StatusJewelsAugusta,-69,18:a5:ff:4c:5d:dc,[WPA2-PSK-CCMP][RSN-PSK+SAE-CCMP][ESS][MFPC],33.463325000000005,-82.07915999999999,2.4
Wed Nov 20 16:00:53 EST 2024,PACSUNSTORES,-85,e2:cb:ac:34:53:f1,[WPA2-EAP/SHA1-CCMP+TKIP][RSN-EAP/SHA1-CCMP+TKIP][WPA-EAP/SHA1-CCMP+TKIP][ESS],33.463325000000005,-82.07915999999999,2.4
Wed Nov 20 16:00:53 EST 2024,Ricky888,-94,86:71:b1:50:bc:73,[WPA2-PSK-CCMP][RSN-PSK-CCMP][ESS][WPS],33.463325000000005,-82.07915999999999,2.4
Wed Nov 20 16:00:53 EST 2024,HDS_Retail,-84,16:8d:cb:84:5e:aa,[WPA2-EAP/SHA1-CCMP][RSN-EAP/SHA1-CCMP][ESS],33.463325000000005,-82.07915999999999,2.4
Wed Nov 20 16:00:53 EST 2024,denim,-89,ea:55:b8:07:0a:04,[WPA2-EAP/SHA1-CCMP][RSN-EAP/SHA1-CCMP][ESS],33.463325000000005,-82.07915999999999,2.4
Wed Nov 20 16:00:53 EST 2024,Macysfreewifi,-86,b4:c7:99:14:cb:c2,[ESS],33.463325000000005,-82.07915999999999,2.4
Wed Nov 20 16:00:53 EST 2024,TMOBILE-635E,-64,18:a5:ff:26:63:61,[WPA2-PSK-CCMP][RSN-PSK+SAE-CCMP][ESS][MFPC],33.463325000000005,-82.07915999999999,2.4
Wed Nov 20 16:00:53 EST 2024,StrInet_BD,-80,06:8d:cb:c4:37:6e,[WPA2-PSK-CCMP][RSN-PSK-CCMP][ESS],33.463325000000005,-82.07915999999999,2.4
Wed Nov 20 16:00:53 EST 2024,Verizon_6X9PDC,-70,98:c8:54:b0:a6:3f,[WPA2-PSK-CCMP][RSN-PSK-CCMP][ESS][WPS],33.463325000000005,-82.07915999999999,2.4
Wed Nov 20 16:00:53 EST 2024,DTLR-Store,-86,c8:67:5e:7d:7c:65,[WPA2-PSK-CCMP][RSN-PSK-CCMP][ESS],33.463325000000005,-82.07915999999999,2.4
Wed Nov 20 16:00:53 EST 2024,DTLR Guest,-85,c8:67:5e:7d:7c:64,[ESS],33.463325000000005,-82.07915999999999,2.4
Wed Nov 20 16:00:53 EST 2024,Cozy_Toys,-57,94:98:8f:0a:ca:f6,[WPA2-PSK-CCMP][RSN-PSK+SAE-CCMP][ESS][MFPC],33.463325000000005,-82.07915999999999,2.4
Wed Nov 20 16:00:53 EST 2024,TMOBILE-AAEE,-76,40:e1:e4:e4:aa:f9,[WPA2-PSK-CCMP][RSN-PSK-CCMP][WPA-PSK-CCMP][ESS],33.463325000000005,-82.07915999999999,2.4
Wed Nov 20 16:00:53 EST 2024,aerie_mobile,-90,de:55:b8:07:0a:04,[WPA2-EAP/SHA1-CCMP][RSN-EAP/SHA1-CCMP][ESS],33.463325000000005,-82.07915999999999,2.4
Wed Nov 20 16:00:53 EST 2024,flcorporate,-68,92:18:98:73:8c:68,[WPA2-EAP/SHA1-CCMP][RSN-EAP/SHA1-CCMP][ESS],33.463325000000005,-82.07915999999999,2.4
Wed Nov 20 16:00:53 EST 2024,03FL_20130709,-83,9a:18:98:c0:af:9c,[WPA2-PSK-CCMP][RSN-PSK-CCMP][ESS],33.463325000000005,-82.07915999999999,2.4
Wed Nov 20 16:00:53 EST 2024,MK-Guest,-82,06:7b:d8:a9:d6:29,[ESS],33.463325000000005,-82.07915999999999,2.4
Wed Nov 20 16:00:53 EST 2024,omsierra,-86,e6:cb:ac:34:53:f1,[WPA2-PSK-CCMP][RSN-PSK-CCMP][ESS],33.463325000000005,-82.07915999999999,2.4
Wed Nov 20 16:00:53 EST 2024,CREATION,-85,18:a5:ff:27:f2:25,[WPA2-PSK-CCMP][RSN-PSK+SAE-CCMP][ESS][MFPC],33.463325000000005,-82.07915999999999,2.4
Wed Nov 20 16:00:53 EST 2024,BAB-Onboard,-91,e2:55:b8:07:df:5f,[WPA2-PSK-CCMP+TKIP][RSN-PSK-CCMP+TKIP][WPA-PSK-CCMP+TKIP][ESS],33.463325000000005,-82.07915999999999,2.4
Wed Nov 20 16:00:53 EST 2024,rmdm19,-90,f2:55:b8:07:0a:04,[WPA2-EAP/SHA1-CCMP][RSN-EAP/SHA1-CCMP][ESS],33.463325000000005,-82.07915999999999,2.4
Wed Nov 20 16:00:53 EST 2024,PearlDeFlore,-76,c8:99:b2:f2:c3:20,[WPA2-PSK-CCMP][RSN-PSK+SAE-CCMP][ESS][MFPC],33.463325000000005,-82.07915999999999,2.4
Wed Nov 20 16:00:53 EST 2024,SOTPA,-80,a2:17:d8:11:b2:ff,[WPA2-PSK-CCMP+TKIP][RSN-PSK-CCMP+TKIP][WPA-PSK-CCMP+TKIP][ESS],33.463325000000005,-82.07915999999999,2.4
Wed Nov 20 16:00:53 EST 2024,TCPS-Guest,-76,1e:8d:cb:6e:aa:fa,[ESS],33.463325000000005,-82.07915999999999,2.4
Wed Nov 20 16:00:53 EST 2024,Kay Guest Wifi,-61,88:b1:e1:13:c9:81,[ESS],33.463325000000005,-82.07915999999999,2.4
Wed Nov 20 16:00:53 EST 2024,Kay,-62,88:b1:e1:13:c9:82,[WPA2-EAP/SHA1-CCMP][RSN-EAP/SHA1-CCMP][ESS],33.463325000000005,-82.07915999999999,2.4
Wed Nov 20 16:00:53 EST 2024,MKBOH,-73,da:9e:38:73:4d:a6,[WPA2-EAP/SHA1-CCMP][RSN-EAP/SHA1-CCMP][ESS],33.463325000000005,-82.07915999999999,2.4
Wed Nov 20 16:00:53 EST 2024,STJIS0663,-62,88:b1:e1:13:c9:80,[WPA2-EAP/SHA1-CCMP][RSN-EAP/SHA1-CCMP][ESS],33.463325000000005,-82.07915999999999,2.4
Wed Nov 20 16:00:53 EST 2024,BKE67,-91,60:26:ef:c4:c8:50,[WPA2-EAP/SHA1+EAP/SHA256+FT/EAP-CCMP][RSN-EAP/SHA1+EAP/SHA256+FT/EAP-CCMP][ESS][MFPC],33.463325000000005,-82.07915999999999,2.4
Wed Nov 20 16:00:53 EST 2024,BuckleGuest,-91,60:26:ef:c4:c8:51,[RSN-OWE_TRANSITION-CCMP][ESS],33.463325000000005,-82.07915999999999,2.4
Wed Nov 20 16:00:53 EST 2024,Glam Glitz,-71,30:23:03:fa:ea:c8,[WPA2-PSK-CCMP][RSN-PSK-CCMP][ESS][WPS][MFPC],33.463325000000005,-82.07915999999999,2.4
Wed Nov 20 16:00:53 EST 2024,PRODUCT_DEMO_NETWORK,-78,5c:5b:35:89:1e:d1,[WPA2-PSK-CCMP][RSN-PSK-CCMP][ESS],33.463325000000005,-82.07915999999999,2.4
Wed Nov 20 16:00:53 EST 2024,T-Mobile,-78,5c:5b:35:89:1e:d3,[WPA2-EAP/SHA1+FT/EAP-CCMP][RSN-EAP/SHA1+FT/EAP-CCMP][ESS],33.463325000000005,-82.07915999999999,2.4
Wed Nov 20 16:00:53 EST 2024,REMO,-79,5c:5b:35:89:1e:d2,[WPA2-EAP/SHA1+FT/EAP-CCMP][RSN-EAP/SHA1+FT/EAP-CCMP][ESS],33.463325000000005,-82.07915999999999,2.4
Wed Nov 20 16:00:53 EST 2024,FL Guest,-64,9a:18:98:73:8c:5a,[ESS],33.463325000000005,-82.07915999999999,2.4
Wed Nov 20 16:00:53 EST 2024,DATA_TRANSFER_NETWORK,-76,5c:5b:35:88:e9:91,[WPA2-PSK+FT/PSK-CCMP][RSN-PSK+FT/PSK-CCMP][ESS],33.463325000000005,-82.07915999999999,2.4
Wed Nov 20 16:00:53 EST 2024,HDSGuest,-78,1a:8d:db:84:5e:aa,[ESS],33.463325000000005,-82.07915999999999,2.4
Wed Nov 20 16:00:53 EST 2024,Miniso Augusta,-96,c4:41:1e:87:98:a1,[WPA2-PSK-CCMP][RSN-PSK-CCMP][ESS][WPS],33.463325000000005,-82.07915999999999,2.4
Wed Nov 20 16:00:53 EST 2024,SSR_Network_24Q4,-75,5c:5b:35:88:e9:93,[WPA2-PSK-CCMP][RSN-PSK-CCMP][ESS],33.463325000000005,-82.07915999999999,2.4
Wed Nov 20 16:00:53 EST 2024,EDLAP,-65,6e:d7:9a:8e:fa:b3,[WPA2-PSK-CCMP][RSN-PSK-CCMP][ESS],33.463325000000005,-82.07915999999999,2.4
Wed Nov 20 16:00:53 EST 2024,Vans_Retail,-70,f2:55:b8:29:6d:40,[WPA2-PSK-CCMP][RSN-PSK-CCMP][ESS],33.463325000000005,-82.07915999999999,2.4
Wed Nov 20 16:00:53 EST 2024,FootLocker_Guest,-84,9e:18:98:c0:af:9c,[ESS],33.463325000000005,-82.07915999999999,2.4
Wed Nov 20 16:00:53 EST 2024,voice19,-89,c6:55:b8:07:0a:04,[WPA2-PSK-CCMP][RSN-PSK-CCMP][ESS],33.463325000000005,-82.07915999999999,2.4
Wed Nov 20 16:00:53 EST 2024,Lush-Employee,-75,7e:ac:b9:cb:de:68,[WPA2-PSK-CCMP][RSN-PSK-CCMP][ESS],33.463325000000005,-82.07915999999999,2.4
Wed Nov 20 16:00:53 EST 2024,Lush-Priv,-65,76:d7:9a:8e:fa:b3,[WPA2-PSK-CCMP][RSN-PSK-CCMP][ESS],33.463325000000005,-82.07915999999999,2.4
Wed Nov 20 16:00:53 EST 2024,aeriewifi,-90,ee:55:b8:07:0a:04,[ESS],33.463325000000005,-82.07915999999999,2.4
Wed Nov 20 16:00:53 EST 2024,echofoxtrot,-86,ee:cb:ac:34:53:f1,[WPA2-PSK-CCMP+TKIP][RSN-PSK-CCMP+TKIP][WPA-PSK-CCMP+TKIP][ESS],33.463325000000005,-82.07915999999999,2.4
Wed Nov 20 16:00:53 EST 2024,VFDZ,-68,ea:55:b8:29:6d:40,[WPA2-PSK-CCMP][RSN-PSK-CCMP][ESS],33.463325000000005,-82.07915999999999,2.4
Wed Nov 20 16:00:53 EST 2024,BAB-Inventory,-91,ea:55:b8:07:df:5f,[WPA2-PSK+FT/PSK-CCMP][RSN-PSK+FT/PSK-CCMP][ESS],33.463325000000005,-82.07915999999999,2.4
Wed Nov 20 15:55:51 EST 2024,Claires-6140,-84,04:f0:21:9b:e3:bf,[WPA2-PSK-CCMP][RSN-PSK-CCMP][ESS],33.463121666666666,-82.07905166666666,2.5
Wed Nov 20 15:55:51 EST 2024,TMOBILE-8A8C,-79,ac:df:9f:88:8a:8f,[WPA2-PSK-CCMP][RSN-PSK+SAE-CCMP][ESS][MFPC],33.463121666666666,-82.07905166666666,2.5
Wed Nov 20 15:55:51 EST 2024,CFA Private Wi-Fi,-77,d4:dc:09:d2:0b:9a,[WPA2-EAP/SHA1-CCMP][RSN-EAP/SHA1-CCMP][ESS],33.463121666666666,-82.07905166666666,2.5
Wed Nov 20 15:55:51 EST 2024,Ricky888_EXT,-69,38:94:ed:15:b3:62,[WPA2-PSK-CCMP][RSN-PSK-CCMP][ESS][WPS],33.463121666666666,-82.07905166666666,2.5
Wed Nov 20 15:55:51 EST 2024,revfocusbrands-aa,-66,c2:8b:b3:4a:b8:2e,[WPA2-PSK-CCMP][RSN-PSK-CCMP][ESS],33.463121666666666,-82.07905166666666,2.5
Wed Nov 20 15:55:51 EST 2024,Mr.Cow_Guest,-74,9e:c8:54:a7:e2:49,[WPA2-PSK-CCMP][RSN-PSK-CCMP][ESS],33.463121666666666,-82.07905166666666,2.5
Wed Nov 20 15:55:51 EST 2024,lsgmobile,-72,9e:18:98:c0:42:ae,[WPA2-EAP/SHA1-CCMP][RSN-EAP/SHA1-CCMP][ESS],33.463121666666666,-82.07905166666666,2.5
Wed Nov 20 15:55:51 EST 2024,Perfume World,-78,78:76:89:d3:7b:73,[WPA2-PSK-CCMP][RSN-PSK-CCMP][ESS],33.463121666666666,-82.07905166666666,2.5
Wed Nov 20 15:55:51 EST 2024,Dwightâ€™s iPhone,-86,06:b9:45:a3:72:80,[WPA2-PSK-CCMP][RSN-PSK+SAE-CCMP][ESS][MFPC],33.463121666666666,-82.07905166666666,2.5
Wed Nov 20 15:55:51 EST 2024,GS-SYS,-92,e8:1c:ba:65:d5:00,[WPA2-PSK-CCMP][RSN-PSK-CCMP][ESS],33.463121666666666,-82.07905166666666,2.5
Wed Nov 20 15:55:51 EST 2024,GSDEMO,-90,e8:1c:ba:65:d5:01,[WPA2-PSK-CCMP][RSN-PSK-CCMP][ESS],33.463121666666666,-82.07905166666666,2.5
Wed Nov 20 15:55:51 EST 2024,PandoraAugMall,-80,74:ac:b9:af:36:ee,[WPA2-PSK-CCMP][RSN-PSK-CCMP][ESS],33.463121666666666,-82.07905166666666,2.5
Wed Nov 20 15:55:51 EST 2024,GSMN,-89,e8:1c:ba:65:d5:03,[WPA2-PSK-CCMP][RSN-PSK-CCMP][ESS],33.463121666666666,-82.07905166666666,2.5
Wed Nov 20 15:55:51 EST 2024,GSSM,-90,e8:1c:ba:65:d5:05,[WPA2-EAP/SHA1-CCMP][RSN-EAP/SHA1-CCMP][ESS],33.463121666666666,-82.07905166666666,2.5
Wed Nov 20 15:55:51 EST 2024,GSVENDORA,-90,e8:1c:ba:65:d5:06,[WPA2-PSK-CCMP][RSN-PSK-CCMP][ESS],33.463121666666666,-82.07905166666666,2.5
Wed Nov 20 15:55:51 EST 2024,cola,-93,d8:8e:d4:71:f9:e7,[WPA2-PSK-CCMP][RSN-PSK-CCMP][ESS],33.463121666666666,-82.07905166666666,2.5
Wed Nov 20 15:55:51 EST 2024,Store_Wifi,-91,e6:55:b8:08:22:36,[WPA2-PSK-CCMP+TKIP][RSN-PSK-CCMP+TKIP][WPA-PSK-CCMP+TKIP][ESS],33.463121666666666,-82.07905166666666,2.5
Wed Nov 20 15:55:51 EST 2024,ATTjrIA4I2,-70,88:96:4e:ec:01:90,[WPA2-PSK-CCMP][RSN-PSK-CCMP][ESS][WPS][MFPC],33.463121666666666,-82.07905166666666,2.5
Wed Nov 20 15:55:51 EST 2024,LIDS-VENDOR,-72,8e:18:98:c0:42:ae,[WPA2-PSK-CCMP][RSN-PSK-CCMP][ESS],33.463121666666666,-82.07905166666666,2.5
Wed Nov 20 15:55:51 EST 2024,NYHNKH1994-5G,-76,78:d2:94:6f:d5:b4,[WPA2-PSK-CCMP][RSN-PSK-CCMP][ESS][WPS],33.463121666666666,-82.07905166666666,2.5
Wed Nov 20 15:55:51 EST 2024,revfocusbrands-cb,-71,ca:8b:b3:4a:b8:2e,[WPA2-PSK-CCMP][RSN-PSK-CCMP][ESS],33.463121666666666,-82.07905166666666,2.5
Wed Nov 20 15:55:51 EST 2024,Mr.Cow,-73,98:c8:54:af:83:69,[WPA2-PSK-CCMP][RSN-PSK-CCMP][ESS],33.463121666666666,-82.07905166666666,2.5
Wed Nov 20 15:55:51 EST 2024,NETGEAR15,-71,54:07:7d:15:31:19,[WPA2-PSK-CCMP][RSN-PSK-CCMP][ESS][WPS][MFPC],33.463121666666666,-82.07905166666666,2.5
Wed Nov 20 15:55:51 EST 2024,Tzone,-76,ce:8b:a3:4a:b8:2e,[WPA2-PSK-CCMP][RSN-PSK-CCMP][ESS],33.463121666666666,-82.07905166666666,2.5
Wed Nov 20 15:55:51 EST 2024,LIDS-CSTM,-70,8a:18:98:c0:42:ae,[WPA2-EAP/SHA1-CCMP][RSN-EAP/SHA1-CCMP][ESS],33.463121666666666,-82.07905166666666,2.5
Wed Nov 20 15:55:51 EST 2024,PANDORA,-79,76:ac:b9:9f:2d:1f,[WPA2-PSK-CCMP][RSN-PSK-CCMP][ESS],33.463121666666666,-82.07905166666666,2.5
Wed Nov 20 15:55:51 EST 2024,Auntie Anne's,-70,94:83:c4:a4:86:f1,[WPA2-PSK-CCMP][RSN-PSK-CCMP][ESS],33.463121666666666,-82.07905166666666,2.5
Wed Nov 20 15:55:51 EST 2024,Create,-78,a8:b0:88:7c:73:c7,[WPA2-PSK-CCMP][RSN-PSK-CCMP][ESS],33.463121666666666,-82.07905166666666,2.5
Wed Nov 20 15:55:51 EST 2024,CSOKI-Home,-56,6a:3a:0e:54:01:9e,[WPA2-PSK-CCMP][RSN-PSK-CCMP][ESS],33.463121666666666,-82.07905166666666,2.5
Wed Nov 20 15:55:51 EST 2024,MDX_TRM,-67,66:3a:0e:17:c9:d9,[WPA2-PSK-CCMP][RSN-PSK-CCMP][ESS],33.463121666666666,-82.07905166666666,2.5
Wed Nov 20 15:55:51 EST 2024,lsgprinters,-72,92:18:98:c0:42:ae,[WPA2-PSK-CCMP][RSN-PSK-CCMP][ESS],33.463121666666666,-82.07905166666666,2.5
Wed Nov 20 15:55:51 EST 2024,Brow Threading,-66,64:67:72:23:2a:e8,[WPA2-PSK-CCMP][RSN-PSK+SAE-CCMP][ESS][MFPC],33.463121666666666,-82.07905166666666,2.5
Wed Nov 20 15:55:51 EST 2024,CPS,-76,5c:e9:31:4d:fa:76,[WPA2-PSK-CCMP][RSN-PSK-CCMP][ESS][WPS],33.463121666666666,-82.07905166666666,2.5
Wed Nov 20 15:55:51 EST 2024,3rdPartyTech,-86,f6:55:b8:07:f7:fc,[WPA2-PSK-CCMP][RSN-PSK-CCMP][ESS],33.463121666666666,-82.07905166666666,2.5
Wed Nov 20 15:55:51 EST 2024,wififofum,-74,ee:55:b8:07:f7:9a,[WPA2-PSK-CCMP][RSN-PSK-CCMP][ESS],33.463121666666666,-82.07905166666666,2.5
Wed Nov 20 15:55:51 EST 2024,vendorwifi,-80,ea:55:b8:07:f7:aa,[WPA2-PSK-CCMP][RSN-PSK-CCMP][ESS],33.463121666666666,-82.07905166666666,2.5
Wed Nov 20 15:55:51 EST 2024,NETGEAR15-5G,-96,6c:cd:d6:e5:df:9b,[WPA2-PSK-CCMP][RSN-PSK-CCMP][ESS][WPS],33.463121666666666,-82.07905166666666,2.5
Wed Nov 20 15:55:51 EST 2024,galapagos,-91,24:62:ce:4f:e0:f3,[WPA2-EAP/SHA1+FT/EAP-CCMP][RSN-EAP/SHA1+FT/EAP-CCMP][ESS],33.463121666666666,-82.07905166666666,2.5
Wed Nov 20 15:55:51 EST 2024,Verizon_ZVF9GJ,-91,c8:99:b2:7d:09:1a,[WPA2-PSK-CCMP][RSN-PSK-CCMP][ESS][WPS],33.463121666666666,-82.07905166666666,2.5
Wed Nov 20 15:55:51 EST 2024,Express Guest Wi-Fi,-92,24:62:ce:4f:e0:f1,[RSN-OWE_TRANSITION-CCMP][ESS],33.463121666666666,-82.07905166666666,2.5
Wed Nov 20 15:55:51 EST 2024,rockies,-92,24:62:ce:4f:e0:f0,[WPA2-PSK+FT/PSK-CCMP][RSN-PSK+FT/PSK-CCMP][ESS],33.463121666666666,-82.07905166666666,2.5
Wed Nov 20 15:55:51 EST 2024,CellularSales,-58,6e:3a:0e:54:01:9e,[WPA2-PSK-CCMP][RSN-PSK-CCMP][ESS],33.463121666666666,-82.07905166666666,2.5
Wed Nov 20 15:55:51 EST 2024,CHP_Mall,-75,00:30:44:2f:33:01,[WPA2-PSK-CCMP][RSN-PSK-CCMP][ESS][MFPC],33.463121666666666,-82.07905166666666,2.5
Wed Nov 20 15:55:51 EST 2024,MDX_CORP,-69,6e:3a:0e:17:c9:d9,[WPA2-PSK-CCMP][RSN-PSK-CCMP][ESS],33.463121666666666,-82.07905166666666,2.5
Wed Nov 20 15:55:51 EST 2024,irmg_plk,-85,4c:4b:f9:c0:1f:67,[WPA2-PSK-CCMP][RSN-PSK-CCMP][ESS][WPS],33.463121666666666,-82.07905166666666,2.5
Wed Nov 20 15:50:50 EST 2024,Ljustero,-97,60:26:ef:32:ca:f2,[WPA2-EAP/SHA1-CCMP][RSN-EAP/SHA1-CCMP][ESS],33.46443333333333,-82.07975666666668,4.4
Wed Nov 20 15:50:50 EST 2024,MikroTik-51826F,-88,18:fd:74:51:82:6f,[WPA2-PSK-CCMP][RSN-PSK-CCMP][ESS][WPS],33.46443333333333,-82.07975666666668,4.4
Wed Nov 20 15:50:50 EST 2024,PDTWifi,-69,00:18:0a:38:57:5a,[WPA2-PSK-CCMP][RSN-PSK-CCMP][ESS],33.46443333333333,-82.07975666666668,4.4
Wed Nov 20 15:50:50 EST 2024,M0b1l3p,-62,02:18:5a:59:1c:64,[WPA2-PSK-CCMP+TKIP][RSN-PSK-CCMP+TKIP][WPA-PSK-CCMP+TKIP][ESS],33.46443333333333,-82.07975666666668,4.4
Wed Nov 20 15:50:50 EST 2024,BNWiFi,-62,02:18:5a:59:1c:68,[ESS],33.46443333333333,-82.07975666666668,4.4
Wed Nov 20 15:50:50 EST 2024,KIOSK,-79,0a:18:1a:38:26:de,[WPA2-PSK-CCMP+TKIP][RSN-PSK-CCMP+TKIP][WPA-PSK-CCMP+TKIP][ESS],33.46443333333333,-82.07975666666668,4.4
Wed Nov 20 15:50:50 EST 2024,BNConnect,-78,1a:18:0a:38:26:de,[WPA2-PSK-CCMP+TKIP][RSN-PSK-CCMP+TKIP][WPA-PSK-CCMP+TKIP][ESS],33.46443333333333,-82.07975666666668,4.4
Wed Nov 20 15:45:48 EST 2024,DIRECT-mS-EPSON-ST-C8000 Series,-88,52:57:9c:4b:22:4a,[WPA2-PSK-CCMP][RSN-PSK-CCMP][ESS][WPS],33.464360000000006,-82.07985,50.6
Wed Nov 20 15:45:48 EST 2024,OneTeam,-94,60:26:ef:30:a5:50,[WPA2-PSK-CCMP][RSN-PSK-CCMP][ESS],33.464360000000006,-82.07985,50.6
Wed Nov 20 15:45:48 EST 2024,H&M Free WiFi,-94,60:26:ef:30:a5:53,[ESS],33.464360000000006,-82.07985,50.6
Wed Nov 20 15:45:48 EST 2024,DRI_Router_271,-92,cc:db:04:04:e2:70,[WPA-PSK-CCMP][WPA2-PSK-CCMP][RSN-PSK-CCMP][ESS],33.464360000000006,-82.07985,50.6
Wed Nov 20 15:45:48 EST 2024,ATTW66Eggs,-94,86:71:b1:50:9a:e3,[WPA2-PSK-CCMP][RSN-PSK-CCMP][ESS][WPS],33.464360000000006,-82.07985,50.6
Wed Nov 20 15:45:48 EST 2024,CTNStoreDevice,-88,90:b8:32:d4:a6:64,[WPA2-EAP/SHA1-CCMP][RSN-EAP/SHA1-CCMP][ESS],33.464360000000006,-82.07985,50.6
Wed Nov 20 15:43:27 EST 2024,Toy Kingdom,-93,e8:9f:80:6f:0f:99,[WPA2-PSK-CCMP][RSN-PSK-CCMP][ESS][WPS],33.46435333333333,-82.07983833333334,7.8
Wed Nov 20 15:41:55 EST 2024,teamwork,-95,1c:28:af:3b:e9:13,[WPA2-PSK-CCMP][RSN-PSK-CCMP][ESS],33.464558333333336,-82.07962833333335,2.8
Wed Nov 20 15:41:55 EST 2024,expertise,-96,1c:28:af:3b:e9:12,[WPA2-EAP/SHA1-CCMP][RSN-EAP/SHA1-CCMP][ESS],33.464558333333336,-82.07962833333335,2.8
Wed Nov 20 15:41:55 EST 2024,initiative,-95,1c:28:af:3b:02:70,[WPA2-PSK-CCMP][RSN-PSK-CCMP][ESS],33.464558333333336,-82.07962833333335,2.8
Wed Nov 20 15:41:55 EST 2024,Bleu De Paris Nail Salon,-96,c6:a6:33:cc:55:23,[WPA2-PSK-CCMP][RSN-PSK-CCMP][ESS][WPS],33.464558333333336,-82.07962833333335,2.8
Wed Nov 20 15:37:41 EST 2024,hum25555,-91,88:5a:85:52:40:a2,[WPA2-PSK-CCMP][RSN-PSK-CCMP][ESS],33.46498666666666,-82.07949166666667,4.8
Wed Nov 20 15:37:41 EST 2024,Dash-8216,-100,7a:01:b1:3b:fd:18,[WPA2-PSK-CCMP][RSN-PSK-CCMP][ESS],33.46498666666666,-82.07949166666667,4.8
Wed Nov 20 15:32:39 EST 2024,T-Mobile Broadband99,-91,98:26:ad:4e:13:4e,[WPA2-PSK-CCMP][RSN-PSK-CCMP][ESS],33.46579333333333,-82.08074333333334,2.2
Wed Nov 20 15:32:39 EST 2024,HotspotF844,-84,00:54:af:22:f8:44,[WPA2-PSK-CCMP+TKIP][RSN-PSK-CCMP+TKIP][WPA-PSK-CCMP+TKIP][ESS],33.46579333333333,-82.08074333333334,2.2
Wed Nov 20 15:32:39 EST 2024,Troka 2,-30,12:e8:a7:7b:41:71,[WPA2-PSK-CCMP][RSN-PSK-CCMP][ESS],33.46579333333333,-82.08074333333334,2.2
Wed Nov 20 15:31:00 EST 2024,DCS-Fleet,-59,06:30:44:66:6d:24,[WPA2-PSK-CCMP][RSN-PSK-CCMP][ESS],33.46686666666667,-82.08393,11.4
Wed Nov 20 15:31:00 EST 2024,PROJe42556,-76,2a:38:5c:e4:25:56,[WPA2-PSK-CCMP][RSN-PSK-CCMP][ESS],33.46686666666667,-82.08393,11.4
Wed Nov 20 15:31:00 EST 2024,Carn2.4,-87,48:4b:d4:3a:17:c8,[WPA2-PSK-CCMP][RSN-PSK-CCMP][ESS][WPS][MFPC],33.46686666666667,-82.08393,11.4
Wed Nov 20 15:31:00 EST 2024,DCS-BC,-58,00:30:44:66:6d:24,[WPA2-PSK-CCMP][RSN-PSK-CCMP][ESS],33.46686666666667,-82.08393,11.4
Wed Nov 20 15:31:00 EST 2024,DCS-BC5g,-63,00:30:44:66:6d:25,[WPA2-PSK-CCMP][RSN-PSK-CCMP][ESS],33.46686666666667,-82.08393,11.4
Wed Nov 20 15:31:00 EST 2024,Hotspot2B04,-94,00:54:af:9c:2b:04,[WPA2-PSK-CCMP+TKIP][RSN-PSK-CCMP+TKIP][WPA-PSK-CCMP+TKIP][ESS],33.46686666666667,-82.08393,11.4
Wed Nov 20 15:31:00 EST 2024,HotspotmXVk,-74,d0:c3:5a:01:0f:a7,[WPA2-PSK-CCMP][RSN-PSK-CCMP][WPA-PSK-CCMP][ESS][MFPC],33.46686666666667,-82.08393,11.4
Wed Nov 20 15:31:00 EST 2024,Nexstar_Secure,-89,78:8a:20:54:01:f1,[WPA2-EAP/SHA1-CCMP][RSN-EAP/SHA1-CCMP][ESS],33.46686666666667,-82.08393,11.4
Wed Nov 20 15:31:00 EST 2024,WJBF Guest,-87,8a:8a:20:54:01:f1,[WPA2-PSK-CCMP][RSN-PSK-CCMP][ESS],33.46686666666667,-82.08393,11.4
Wed Nov 20 15:31:00 EST 2024,Verizon_LX36R9,-78,38:88:71:0d:87:57,[WPA2-PSK-CCMP][RSN-PSK-CCMP][ESS][WPS],33.46686666666667,-82.08393,11.4
Wed Nov 20 15:31:00 EST 2024,Xfinity Mobile,-83,94:e8:c5:fe:cb:ea,[WPA2-EAP/SHA1-CCMP][RSN-EAP/SHA1-CCMP][ESS],33.46686666666667,-82.08393,11.4
Wed Nov 20 15:31:00 EST 2024,GJ Ford - Staff,-84,74:9e:75:5f:28:73,[WPA2-PSK-CCMP][RSN-PSK-CCMP][ESS],33.46686666666667,-82.08393,11.4
Wed Nov 20 15:31:00 EST 2024,Ford Dealer WiFi,-84,74:9e:75:5f:28:74,[WPA2-PSK-CCMP][RSN-PSK+SAE-CCMP][ESS][MFPC],33.46686666666667,-82.08393,11.4
Wed Nov 20 15:31:00 EST 2024,xfinitywifi,-84,94:e8:c5:fe:cb:eb,[ESS],33.46686666666667,-82.08393,11.4
Wed Nov 20 15:31:00 EST 2024,F&I,-85,74:9e:75:62:65:a5,[WPA2-PSK-CCMP][RSN-PSK+SAE-CCMP][ESS][MFPC],33.46686666666667,-82.08393,11.4
Wed Nov 20 15:31:00 EST 2024,GJ Ford- Guest,-84,74:9e:75:5f:28:72,[WPA2-PSK-CCMP][RSN-PSK+SAE-CCMP][ESS][MFPC],33.46686666666667,-82.08393,11.4
Wed Nov 20 15:26:17 EST 2024,myGMC 35F0,-98,66:e2:20:f3:36:f1,[WPA2-PSK-CCMP][RSN-PSK-CCMP][ESS],33.502188333333336,-82.06247833333333,11.4
Wed Nov 20 15:26:17 EST 2024,My VW 3903,-82,06:c4:61:8b:ce:30,[WPA2-PSK-CCMP][RSN-PSK-CCMP][ESS][WPS][MFPC],33.502188333333336,-82.06247833333333,11.4
Wed Nov 20 15:26:17 EST 2024,Maycoll,-86,02:24:a5:7d:cd:fa,[WPA2-PSK-CCMP][RSN-PSK-CCMP][ESS][WPS],33.502188333333336,-82.06247833333333,11.4
Wed Nov 20 15:21:16 EST 2024,CarPlay_0f7e,-80,e0:2d:f0:09:0f:7e,[WPA2-PSK-CCMP][RSN-PSK-CCMP][ESS][MFPC],33.521953333333336,-82.01916000000001,11.4
Wed Nov 20 15:21:16 EST 2024,KeepTruckin Hotspot - 01390200,-89,00:25:ca:48:45:d7,[WPA2-PSK-CCMP][RSN-PSK-CCMP][ESS],33.521953333333336,-82.01916000000001,11.4
Wed Nov 20 15:16:14 EST 2024,crkems750,-89,94:83:c4:0b:bf:5f,[WPA-PSK-CCMP][ESS],33.481970000000004,-81.98137,2.4
Wed Nov 20 15:16:14 EST 2024,DIRECT-BMW 49145,-98,9a:49:14:c3:2a:cf,[WPA2-PSK-CCMP][RSN-PSK-CCMP][ESS][WPS],33.481970000000004,-81.98137,2.4
Wed Nov 20 15:16:14 EST 2024,RAI-SIGNAGE,-79,00:30:44:8a:bb:05,[WPA2-PSK-CCMP][RSN-PSK-CCMP][ESS],33.481970000000004,-81.98137,2.4
Wed Nov 20 15:16:14 EST 2024,MB Hotspot 38829,-98,4a:f0:7b:0d:28:57,[WPA2-PSK-CCMP][RSN-PSK-CCMP][ESS][WPS],33.481970000000004,-81.98137,2.4
Wed Nov 20 15:16:14 EST 2024,CK_IOT,-76,a8:3a:79:f4:ee:11,[WPA2-PSK-CCMP][RSN-PSK-CCMP][ESS],33.481970000000004,-81.98137,2.4
Wed Nov 20 15:16:14 EST 2024,CK_BYOD,-78,a8:3a:79:f4:ee:12,[WPA2-PSK-CCMP][RSN-PSK-CCMP][ESS],33.481970000000004,-81.98137,2.4
Wed Nov 20 15:16:14 EST 2024,CK_MGR,-89,a8:3a:79:f4:ee:34,[WPA2-PSK-CCMP][RSN-PSK-CCMP][ESS],33.481970000000004,-81.98137,2.4
Wed Nov 20 15:16:14 EST 2024,CK_STAGE,-78,a8:3a:79:f4:ee:13,[WPA2-PSK-CCMP][RSN-PSK-CCMP][ESS],33.481970000000004,-81.98137,2.4
Wed Nov 20 15:16:14 EST 2024,CK_STORE,-88,a8:3a:79:f4:ee:35,[WPA2-EAP/SHA1-CCMP][RSN-EAP/SHA1-CCMP][ESS],33.481970000000004,-81.98137,2.4
Wed Nov 20 15:11:13 EST 2024,ATTrMvrkwa,-78,e4:f7:5b:9a:cf:d0,[WPA2-PSK-CCMP][RSN-PSK-CCMP][ESS][WPS],33.477986666666666,-81.97831833333333,2.7
Wed Nov 20 15:11:13 EST 2024,SHOP3-Secure,-97,74:9e:75:61:6a:92,[WPA2-PSK-CCMP][RSN-PSK-CCMP][ESS],33.477986666666666,-81.97831833333333,2.7
Wed Nov 20 15:11:13 EST 2024,CurtisWapv3,-99,70:a7:41:b7:4c:6a,[WPA2-PSK-CCMP][RSN-PSK-CCMP][ESS],33.477986666666666,-81.97831833333333,2.7
Wed Nov 20 15:11:13 EST 2024,SHOP3-Wifi,-96,74:9e:75:61:6a:93,[WPA2-PSK-CCMP][RSN-PSK-CCMP][ESS],33.477986666666666,-81.97831833333333,2.7
Wed Nov 20 15:11:13 EST 2024,Wireless4ck,-87,d4:e2:cb:87:a5:6c,[WPA2-PSK-CCMP][RSN-PSK-CCMP][ESS][WPS],33.477986666666666,-81.97831833333333,2.7
Wed Nov 20 15:11:13 EST 2024,CBS Student&Staff,-97,76:a7:41:b7:4c:6a,[WPA2-PSK-CCMP][RSN-PSK-CCMP][ESS],33.477986666666666,-81.97831833333333,2.7
Wed Nov 20 15:06:11 EST 2024,Augusta Metro Chamber,-82,44:d9:e7:b1:07:2a,[WPA2-PSK-CCMP][RSN-PSK-CCMP][ESS],33.479045,-81.969105,3.6
Wed Nov 20 15:06:11 EST 2024,WHS_Guest,-94,2c:57:41:93:4d:6b,[ESS],33.479045,-81.969105,3.6
Wed Nov 20 15:06:11 EST 2024,Conceal.io Guest,-92,66:22:32:2d:76:d7,[WPA2-PSK-CCMP][RSN-PSK-CCMP][ESS],33.479045,-81.969105,3.6
Wed Nov 20 15:06:11 EST 2024,AMCC Guest,-86,46:d9:e7:b1:07:2a,[WPA2-PSK-CCMP][RSN-PSK-CCMP][ESS],33.479045,-81.969105,3.6
Wed Nov 20 15:06:11 EST 2024,AGSMC_W1,-95,60:26:ef:09:d7:24,[WPA2-EAP/SHA1-CCMP][RSN-EAP/SHA1-CCMP][ESS],33.479045,-81.969105,3.6
Wed Nov 20 15:06:11 EST 2024,AGSMC_ESP,-96,60:26:ef:09:d7:23,[WPA2-PSK-CCMP][RSN-PSK-CCMP][ESS],33.479045,-81.969105,3.6
Wed Nov 20 15:06:11 EST 2024,bastoncook,-88,44:e1:37:cb:4b:c0,[WPA2-PSK-CCMP+TKIP][RSN-PSK-CCMP+TKIP][WPA-PSK-CCMP+TKIP][ESS],33.479045,-81.969105,3.6
Wed Nov 20 15:06:11 EST 2024,Conceal.io,-92,60:22:32:2d:76:d7,[WPA2-PSK-CCMP][RSN-PSK+SAE-CCMP][ESS][MFPC],33.479045,-81.969105,3.6
Wed Nov 20 15:04:47 EST 2024,3 Sisters Historical Home,-99,f8:8b:37:bb:9b:4d,[WPA2-PSK-CCMP][RSN-PSK-CCMP][ESS][WPS],33.47898,-81.96918333333333,3.9
Wed Nov 20 15:04:47 EST 2024,Verizon_9W7L63,-100,58:96:71:17:be:da,[WPA2-PSK-CCMP][RSN-PSK-CCMP][ESS][WPS],33.47898,-81.96918333333333,3.9
Wed Nov 20 15:04:47 EST 2024,DIRECT-77-HP OfficeJet Pro 9020,-93,c2:18:03:92:48:77,[WPA2-PSK-CCMP][RSN-PSK-CCMP][ESS][WPS],33.47898,-81.96918333333333,3.9
Wed Nov 20 15:04:47 EST 2024,MorrisGuest,-86,58:0a:20:b9:57:81,[WPA2-PSK-CCMP][RSN-PSK-CCMP][WPA-PSK-TKIP][ESS],33.47898,-81.96918333333333,3.9
Wed Nov 20 15:04:47 EST 2024,Verizon_9W7L63-IoT,-100,62:96:71:17:be:da,[WPA2-PSK-CCMP][RSN-PSK-CCMP][ESS],33.47898,-81.96918333333333,3.9
Wed Nov 20 15:04:47 EST 2024,Bigjohn767,-86,1e:d6:be:79:97:81,[WPA2-PSK-CCMP][RSN-PSK-CCMP][ESS][WPS],33.47898,-81.96918333333333,3.9
Wed Nov 20 14:59:45 EST 2024,Monitor,-76,18:33:9d:a0:46:10,[WEP][ESS],33.479910000000004,-81.96828333333333,6.5
Wed Nov 20 14:59:45 EST 2024,LibraryRiot5,-80,d8:44:89:20:f5:8f,[WPA-PSK-TKIP+CCMP][WPA2-PSK-TKIP+CCMP][RSN-PSK-TKIP+CCMP][ESS],33.479910000000004,-81.96828333333333,6.5
Wed Nov 20 14:59:45 EST 2024,wca001,-94,f4:2e:7f:3e:9d:50,[WPA2-EAP/SHA1+FT/EAP-CCMP][RSN-EAP/SHA1+FT/EAP-CCMP][ESS],33.479910000000004,-81.96828333333333,6.5
Wed Nov 20 14:59:45 EST 2024,LibraryRiot2.4,-71,d8:44:89:20:f5:8e,[WPA-PSK-TKIP+CCMP][WPA2-PSK-TKIP+CCMP][RSN-PSK-TKIP+CCMP][ESS],33.479910000000004,-81.96828333333333,6.5
Wed Nov 20 14:59:45 EST 2024,KSN_Wireless,-66,d8:ec:5e:56:11:bd,[WPA2-PSK-CCMP][RSN-PSK-CCMP][ESS][WPS][MFPC],33.479910000000004,-81.96828333333333,6.5
Wed Nov 20 14:59:45 EST 2024,WellsFargo,-94,f4:2e:7f:3e:9d:52,[ESS],33.479910000000004,-81.96828333333333,6.5
Wed Nov 20 14:59:45 EST 2024,BMWiNet3,-85,2c:57:41:93:39:24,[WPA2-PSK-CCMP][RSN-PSK-CCMP][WPA-PSK-TKIP][ESS],33.479910000000004,-81.96828333333333,6.5
Wed Nov 20 14:59:45 EST 2024,Morris-Office-5,-77,8c:0f:6f:94:4a:50,[WPA-PSK-CCMP+TKIP][WPA2-PSK-CCMP+TKIP][RSN-PSK-CCMP+TKIP][ESS][WPS],33.479910000000004,-81.96828333333333,6.5
Wed Nov 20 14:59:45 EST 2024,TP-Link_2.4GHz_4406B8,-69,b0:be:76:44:06:b8,[ESS],33.479910000000004,-81.96828333333333,6.5
Wed Nov 20 14:59:45 EST 2024,TP-Link_5GHz_4406B9,-72,b0:be:76:44:06:b9,[ESS],33.479910000000004,-81.96828333333333,6.5
Wed Nov 20 14:59:45 EST 2024,Morris,-72,18:33:9d:6d:fd:00,[WEP][ESS],33.479910000000004,-81.96828333333333,6.5
Wed Nov 20 14:59:45 EST 2024,Two Six Guests - Augusta,-64,72:d7:9a:58:2c:30,[WPA2-PSK-CCMP][RSN-PSK-CCMP][ESS][MFPC],33.479910000000004,-81.96828333333333,6.5
Wed Nov 20 14:59:45 EST 2024,Two Six - Augusta,-63,68:d7:9a:58:2c:30,[WPA2-PSK-CCMP][RSN-PSK-CCMP][ESS][MFPC],33.479910000000004,-81.96828333333333,6.5
Wed Nov 20 14:59:45 EST 2024,ElliottDavis-Guest,-74,c8:67:5e:0d:13:15,[WPA2-PSK-CCMP][RSN-PSK-CCMP][ESS],33.479910000000004,-81.96828333333333,6.5
Wed Nov 20 14:59:45 EST 2024,INTERNET,-72,08:45:d1:81:42:42,[WPA2-EAP/SHA1-CCMP][RSN-EAP/SHA1-CCMP][ESS],33.479910000000004,-81.96828333333333,6.5
Wed Nov 20 14:59:45 EST 2024,GUESTNET,-72,08:45:d1:81:42:41,[ESS],33.479910000000004,-81.96828333333333,6.5
Wed Nov 20 14:59:45 EST 2024,museum,-80,30:fd:38:fa:f1:fc,[WPA2-PSK-CCMP][RSN-PSK-CCMP][ESS],33.479910000000004,-81.96828333333333,6.5
Wed Nov 20 14:59:45 EST 2024,BUSINESS,-72,08:45:d1:81:42:40,[WPA2-EAP/SHA1-CCMP][RSN-EAP/SHA1-CCMP][ESS],33.479910000000004,-81.96828333333333,6.5
Wed Nov 20 14:59:45 EST 2024,TST,-57,76:d7:9a:58:2b:70,[WPA2-PSK-CCMP][RSN-PSK-CCMP][ESS],33.479910000000004,-81.96828333333333,6.5
Wed Nov 20 14:59:45 EST 2024,ElliottDavis-Emp,-74,c8:67:5e:0d:13:14,[WPA2-PSK-CCMP][RSN-PSK-CCMP][ESS],33.479910000000004,-81.96828333333333,6.5
Wed Nov 20 14:59:45 EST 2024,Two Six IT - Augusta,-50,6e:d7:9a:58:2b:1d,[WPA2-PSK-CCMP][RSN-PSK-CCMP][ESS][MFPC],33.479910000000004,-81.96828333333333,6.5
Wed Nov 20 14:54:44 EST 2024,guest-wifi,-87,00:3a:7d:50:27:90,[ESS],33.479823333333336,-81.96836,9.7
Wed Nov 20 14:54:44 EST 2024,MedDevLow,-82,2c:57:41:93:39:28,[WPA2-PSK-CCMP][RSN-PSK-CCMP][ESS],33.479823333333336,-81.96836,9.7
Wed Nov 20 14:54:44 EST 2024,WHS_etc,-83,2c:57:41:93:39:2a,[WPA2-PSK-CCMP][RSN-PSK-CCMP][ESS],33.479823333333336,-81.96836,9.7
Wed Nov 20 14:54:24 EST 2024,personal-wifi,-89,00:3a:7d:50:27:92,[WPA2-EAP/SHA1-CCMP][RSN-EAP/SHA1-CCMP][ESS],33.479845,-81.96844333333334,88.9
Wed Nov 20 14:54:24 EST 2024,WMPersonalWiFi,-85,00:3a:7d:50:27:91,[WPA2-EAP/SHA1-CCMP][RSN-EAP/SHA1-CCMP][ESS],33.479845,-81.96844333333334,88.9
Wed Nov 20 14:54:21 EST 2024,Morris-Office-2.4,-71,8c:0f:6f:94:4a:48,[WPA-PSK-CCMP+TKIP][WPA2-PSK-CCMP+TKIP][RSN-PSK-CCMP+TKIP][ESS][WPS],33.479845,-81.96844333333334,88.9
Wed Nov 20 14:53:33 EST 2024,DIRECT-zLXerox (R) C310 Co-4e37,-94,62:fb:00:87:c8:b1,[WPA2-PSK-CCMP][RSN-PSK-CCMP][ESS][WPS],33.47965166666667,-81.96845666666667,7.2
Wed Nov 20 14:41:25 EST 2024,AVControl,-86,c0:56:27:24:f0:47,[WPA2-PSK-CCMP][RSN-PSK-CCMP][ESS][WPS],33.479683333333334,-81.968255,7.8
Wed Nov 20 14:16:16 EST 2024,myChevrolet6120,-94,00:92:a5:d4:ae:c1,[WPA2-PSK-CCMP][RSN-PSK-CCMP][ESS][MFPC],33.480003333333336,-81.968145,66.3
Wed Nov 20 14:01:11 EST 2024,Fulcher Hagler LLP Internet Only,-94,f0:5c:19:22:22:e0,[WPA2-PSK-CCMP][RSN-PSK-CCMP][ESS],33.4796,-81.96829166666666,66.7